time,memory_in_mb,timeLabel
09-Jul-2022 15:21:38,3531.956224,Label_1
09-Jul-2022 16:45:27,5996.589056,Label_2
