time,memory_in_mb,timeLabel
10-Jul-2022 17:18:28,3815.636992,Label_1
10-Jul-2022 17:18:48,3895.369728,Label_2
