time,memory_in_mb,timeLabel
30-May-2022 15:25:05,3059.965952,Label_1
30-May-2022 15:25:11,3099.148288,Label_2
30-May-2022 15:25:12,3104.108544,Label_3
30-May-2022 15:25:14,3120.201728,Label_4
30-May-2022 15:25:15,3130.826752,Label_5
30-May-2022 15:25:18,3152.371712,Label_6
30-May-2022 15:25:18,3152.42496,Label_7
30-May-2022 15:25:19,3159.1424,Label_8
30-May-2022 15:25:21,3174.453248,Label_9
30-May-2022 15:25:22,3174.453248,Label_10
30-May-2022 15:25:24,3174.653952,Label_11
30-May-2022 15:25:25,3174.653952,Label_12
30-May-2022 15:25:27,3179.872256,Label_13
30-May-2022 15:25:27,3179.872256,Label_14
30-May-2022 15:25:29,3193.274368,Label_15
